{
    "res": [
        0.055780768755926524,
        0.00012420948924457686,
        2.767881768928933e-07,
        9.08423460134313e-10,
        2.0188775888116827e-05,
        5.508262922390943e-08,
        7.357132034909062e-10,
        1.1347514074159148e-05,
        3.353165303805988e-08,
        6.759927924989683e-10,
        3.129866935830867e-07,
        1.263096819877063e-09,
        8.107013411637826e-10,
        1.101060855185451e-06,
        3.2248534438293873e-09,
        6.147843318915287e-10,
        0.00012976515563514418,
        5.013716183487463e-07,
        2.0831795408792697e-09,
        7.954197237253268e-10,
        2.3943606444319875e-06,
        9.339747302765597e-09,
        9.665404752565383e-10,
        1.83306292425264e-05,
        8.291850707584759e-08,
        1.0136243138295754e-09,
        6.00212612682974e-10,
        6.323747740653505e-06,
        2.9601044934217528e-08,
        7.42471256184192e-10,
        1.7893976899112232e-06,
        8.453603417597733e-09,
        7.065562310027711e-10
    ],
    "idx": [
        4,
        3,
        3,
        3,
        3,
        4,
        3,
        4,
        3,
        3
    ]
}