{
    "res": [
        0.13502535194024914,
        0.0014377244282493867,
        1.5077507603912748e-05,
        8.346444600995816e-08,
        4.517365922875528e-10,
        7.406620028176307e-11,
        6.9988460580389515e-06,
        7.379228042223246e-08,
        7.882654423713425e-10,
        8.383066118664414e-11,
        9.231265161227791e-05,
        1.07551184668174e-06,
        6.4747518008316205e-09,
        8.728292505009731e-11,
        0.00829027493126735,
        0.0002079240688947816,
        3.30306681313663e-06,
        5.2209185896403544e-08,
        8.32763437462926e-10,
        7.925036269972111e-11,
        0.024791770421742045,
        0.001674334548819574,
        8.392385858405977e-05,
        4.178047449120531e-06,
        2.0807220878232958e-07,
        1.0361770702238768e-08,
        5.210710715119104e-10,
        9.411142983296082e-11,
        0.030634238255177453,
        0.0033836646180445224,
        0.00028121376708579906,
        2.3260801589507798e-05,
        1.9247944900554136e-06,
        1.592680872240535e-07,
        1.3177760727166213e-08,
        1.0941558916090728e-09,
        1.1314265283487562e-10,
        7.562389724075243e-11,
        0.02753681216312804,
        0.0032447978491437594,
        0.000251575366304869,
        1.942438575694138e-05,
        1.5002574429674974e-06,
        1.1586976140659823e-07,
        8.951653035294837e-09,
        6.992788386816342e-10,
        1.0616725986163514e-10,
        8.25781531425088e-11,
        0.004245818180477949,
        0.0005161949167226095,
        4.391519202331238e-05,
        3.7338725948107243e-06,
        3.1748323402822424e-07,
        2.699074074662214e-08,
        2.2887022095143096e-09,
        2.1965662616044341e-10,
        9.700586912851107e-11,
        0.002289504532461245,
        0.0002424080999289893,
        1.6739620403040563e-05,
        1.1555096530123395e-06,
        7.976529868545105e-08,
        5.513180460344358e-09,
        3.873499506012626e-10,
        9.797836478208007e-11,
        0.011320039664056836,
        0.0013717481161034794,
        0.0001120982545453662,
        9.145415345888216e-06,
        7.462189502399358e-07,
        6.088705499892035e-08,
        4.973765969255018e-09,
        4.16254253487123e-10,
        1.0271139905306418e-10,
        6.846744834466288e-11
    ],
    "idx": [
        6,
        4,
        4,
        6,
        8,
        10,
        10,
        9,
        8,
        10
    ]
}