{
    "res": [
        0.4144820449494983,
        0.0028615342860762055,
        1.987060606205672e-05,
        1.3787863929902068e-07,
        1.120202118256534e-09,
        6.276044253932655e-10,
        1.019772532269015e-06,
        7.010262397139246e-09,
        7.77940483192167e-10,
        0.0005474318118292875,
        1.6820880121033207e-06,
        5.293193020638337e-09,
        8.160454462262004e-10,
        6.902813996416695e-07,
        2.304730303389632e-09,
        6.072270385040095e-10,
        0.0036845885383238876,
        3.987942044117255e-05,
        4.316194077829881e-07,
        4.7887032997570765e-09,
        7.319431630746568e-10,
        0.0001431139950029338,
        1.0298962476189265e-06,
        7.488764474554556e-09,
        9.405162975856145e-10,
        0.00010663261640439173,
        9.023462355349384e-07,
        7.770857899649747e-09,
        1.0203397453836164e-09,
        8.699686289499387e-10,
        0.00011430052999505744,
        1.101462765275642e-06,
        1.0597630485028029e-08,
        8.76771166494999e-10,
        3.865380923086442e-06,
        3.720884678435548e-08,
        9.018359373900784e-10,
        0.00023484114650049355,
        1.6596043467957598e-06,
        1.1677795855319154e-08,
        7.884310148468015e-10
    ],
    "idx": [
        6,
        3,
        4,
        3,
        5,
        4,
        5,
        4,
        3,
        4
    ]
}