{
    "res": [
        1.365090412266866,
        0.09826895210880335,
        0.006369108301749937,
        1.2637053931376403e-05,
        1.2203785731975855e-08,
        5.114478529867485e-11,
        0.005828028979802157,
        0.0004057849557362162,
        3.6797276251465414e-07,
        3.0982664839320587e-10,
        4.5930031299065614e-11,
        3.2517260065094407,
        0.7855292090164712,
        0.01799583568492689,
        0.00010135411858596543,
        6.081556276425141e-07,
        3.6481007794109142e-09,
        6.738117190146285e-11,
        0.3455574416731374,
        0.09189968513531936,
        0.0006695963940106803,
        3.72650928240968e-06,
        2.0785866451009746e-08,
        1.2621788929595563e-10,
        4.301602307150925e-11,
        0.2785664243552361,
        0.07414510588615393,
        0.0004826750450990064,
        2.495974074616999e-06,
        1.2928173086934549e-08,
        9.085794758167148e-11,
        0.029940108237531,
        0.007662031445221914,
        3.884093436517795e-05,
        1.913955546721791e-07,
        9.471766213124884e-10,
        4.944322788743947e-11,
        0.8126091206929086,
        0.24573731437559315,
        0.002513504241506709,
        1.6087449116465013e-05,
        1.0358466395316245e-07,
        6.708512143218607e-10,
        5.829400516734743e-11,
        0.6015897088995142,
        0.19010906126404278,
        0.0018088650384826153,
        1.2262824303403837e-05,
        8.344820118223113e-08,
        5.737524644161783e-10,
        6.032765951632735e-11,
        0.09256449412904895,
        0.029424013046742383,
        0.00020198214149248127,
        1.3003445391925098e-06,
        8.374444768573015e-09,
        7.910344636458269e-11,
        0.29892794412359003,
        0.09672841675575419,
        0.0007371168805701684,
        4.5935866973909666e-06,
        2.8672888956517315e-08,
        2.0108176481464495e-10,
        5.843211067655742e-11
    ],
    "idx": [
        6,
        5,
        7,
        7,
        6,
        6,
        7,
        7,
        6,
        7
    ]
}