{
    "res": [
        12.13988399527186,
        3.0496467621993135,
        0.5724165194421956,
        0.008357119410269835,
        6.311050898905657e-07,
        1.8369864138132874e-10,
        3.295475248771811e-11,
        0.1870616825847213,
        0.037919297860427595,
        3.541289253591725e-05,
        2.361947329032262e-09,
        4.76112057857315e-11,
        56.75030223683581,
        35.36807540376903,
        43.106736010102665,
        18.749514885497877,
        4.242259764274835,
        0.18972850008125539,
        0.0006820884455403975,
        1.094432553715551e-06,
        1.7506231017541641e-09,
        4.7298311873035895e-11,
        4.705779841983933,
        2.1536010602102773,
        0.03672959743721019,
        0.0002947242380281951,
        2.244311430476727e-06,
        1.7087066200066843e-08,
        1.3506721031294841e-10,
        5.2741934340189415e-11,
        3.612592361561114,
        1.8371981248293299,
        0.034609610883527854,
        0.0001045222536271742,
        2.7286802473264137e-07,
        7.112608676778566e-10,
        5.531561751367333e-11,
        2.094284792255218,
        1.1697105296404728,
        0.016385458000261567,
        6.233956852763491e-05,
        2.4567292512177726e-07,
        9.69039908232041e-10,
        4.4180312509443894e-11,
        42.22841075305519,
        29.57472358967965,
        7.713005529670037,
        0.42925659538557337,
        0.0018834327139986404,
        1.5166524530664803e-05,
        1.2188377329933078e-07,
        9.832482078505213e-10,
        5.5029567433079016e-11,
        21.404394389601418,
        14.954117778925154,
        1.966107626699668,
        0.011111513481228926,
        0.00011130934586999372,
        1.1250924401795548e-06,
        1.1375125974674697e-08,
        1.228330148725857e-10,
        4.77589083958994e-11,
        2.816379379875369,
        1.870238463269012,
        0.04676650223034792,
        0.00036454075861234433,
        2.9944072516364163e-06,
        2.458806476839676e-08,
        2.0637680595444649e-10,
        4.390182813437358e-11,
        11.69534840600785,
        8.071822226174415,
        0.6370357101809084,
        0.002216460872110129,
        1.9758822279999522e-05,
        1.7576541604461554e-07,
        1.5662045418503604e-09,
        5.627785486857664e-11
    ],
    "idx": [
        7,
        5,
        10,
        8,
        7,
        7,
        9,
        9,
        8,
        8
    ]
}